/*
 Navicat Premium Data Transfer

 Source Server         : localhost
 Source Server Type    : MySQL
 Source Server Version : 50542
 Source Host           : localhost
 Source Database       : catalog

 Target Server Type    : MySQL
 Target Server Version : 50542
 File Encoding         : utf-8

 Date: 08/23/2015 18:26:24 PM
*/

SET NAMES utf8;
SET FOREIGN_KEY_CHECKS = 0;

-- ----------------------------
--  Table structure for `Categories`
-- ----------------------------
DROP TABLE IF EXISTS `Categories`;
CREATE TABLE `Categories` (
  `id` int(11) NOT NULL AUTO_INCREMENT,
  `category` varchar(20) NOT NULL,
  PRIMARY KEY (`id`)
) ENGINE=InnoDB AUTO_INCREMENT=11 DEFAULT CHARSET=utf8;

-- ----------------------------
--  Records of `Categories`
-- ----------------------------
BEGIN;
INSERT INTO `Categories` VALUES 
('1', 'Ноутбуки'), 
('2', 'Планшеты'), 
('3', 'Электронные книги'),
('4', 'Моноблоки'), 
('5', 'Принтеры'), 
('6', 'Мыши'), 
('7', 'Клавиатруры'), 
('8', 'Роутеры'), 
('9', 'Компьютерные колонки'), 
('10', 'Флеш накопители');
COMMIT;

SET FOREIGN_KEY_CHECKS = 1;


-- ----------------------------
--  Table structure for `Products`
-- ----------------------------
DROP TABLE IF EXISTS `Products`;
CREATE TABLE `Products` (
  `id` int(11) NOT NULL AUTO_INCREMENT,
  `title` varchar(255) CHARACTER SET utf8 NOT NULL,
  `id category` int(11) NOT NULL,
  `mark` varchar(255) NOT NULL,
  `price` decimal(10,0) NOT NULL,
  `count` int(11) DEFAULT NULL,
  `description` varchar(255) CHARACTER SET utf8 DEFAULT NULL,
  PRIMARY KEY (`id`)
) ENGINE=InnoDB AUTO_INCREMENT=79 DEFAULT CHARSET=latin1;

-- ----------------------------
--  Records of `Products`
-- ----------------------------
BEGIN;
INSERT INTO `Products` VALUES 
('1', 'Ноутбук ASUS X552EA-SX282B', '1', 'ASUS', '15990', '10', '2 Гб оперативной памяти, графический контроллер - Rodeon HD 8210g, Диагональ - 15.6\"'), 
('2', 'Ноутбук Acer Aspire E5-511G-C2TA NX.MQWER.017', '1', 'Acer', '17990', '7', '2 Гб оперативной памяти, графический контроллер - GeForce 810 1Гб, Диагональ - 15.6\"'), 
('3', 'Ноутбук Packard Bell EasyNote ENTE69HW-34054G1TMnsk', '1', 'Packard Bell', '21990', '11', '4 Гб оперативной памяти, графический контроллер - Intel HD Graphics 4400, Диагональ - 15.6\"'), 
('4', 'Ноутбук Lenovo IdeaPad G5030 (80G000Y2RK)', '1', 'Lenovo', '17990', '8', '2 Гб оперативной памяти, графический контроллер - Intel HD Graphics 4400, Диагональ - 15.6\"'), ('5', 'Ноутбук Dell Inspiron 3541-3678', '1', 'Dell', '26990', '12', '8 Гб оперативной памяти, графический контроллер - Rodeon R5 M230 2Гб, Диагональ - 15.6\"'), 
('6', 'Ноутбук HP 15-af000ur (N0K10EA)', '1', 'HP', '16490', '8', '2 Гб оперативной памяти, графический контроллер - Rodeon R2, Диагональ - 15.6\"'), 
('7', 'Ноутбук HP Pavilion 15-p204ur', '1', 'HP', '36990', '4', '6 Гб оперативной памяти, графический контроллер - Rodeon R7 M260 2Гб, Диагональ - 15.6\"'), 
('8', 'Ноутбук Acer Aspire E3-112-C6XG', '1', 'Acer', '14990', '15', '2 Гб оперативной памяти, графический контроллер - Intel HD Graphics, Диагональ - 11.6\"'), 
('9', 'Ноутбук ASUS X751LDV-TY155H', '1', 'ASUS', '38990', '6', '6 Гб оперативной памяти, графический контроллер - GeForce 820 2Гб, Диагональ - 15.6\"'), 
('10', 'Ноутбук Lenovo IdeaPad G700 (59387364)', '1', 'Lenovo', '27990', '10', '4 Гб оперативной памяти, графический контроллер - Intel HD Graphics, Диагональ - 17.3\"'), 
('11', 'Планшет Samsung Galaxy Tab S 10.5 16Gb LTE Bronze', '2', 'Samsung', '24990', '18', 'Частота процессора - 1.9 ГГц, встроенная память - 16 Гб, диагональ - 10.5\"'), 
('12', 'Планшет Samsung Galaxy Tab 4 7.0 8Gb 3G Black', '2', 'Samsung', '9990', '22', 'Частота процессора - 1.2 ГГц, встроенная память - 8 Гб, диагональ - 7\"'), 
('13', 'Планшет Lenovo TAB A8-50 8\" 16Gb 3G Blue (A5500)', '2', 'Lenovo', '9990', '17', 'Частота процессора - 1.3 ГГц, встроенная память - 16 Гб, диагональ - 8\"'), 
('14', 'Планшет Lenovo Yoga Tablet 2 10\" 32Gb LTE Platinum (1050L)', '2', 'Lenovo', '22990', '11', 'Частота процессора - 1.86 ГГц, встроенная память - 32 Гб, диагональ - 10.1\"'), 
('15', 'Планшет Lenovo TAB 2 A10-70L 16Gb LTE Blue', '2', 'Lenovo', '17990', '9', 'Частота процессора - 1.5 ГГц, встроенная память - 16 Гб, диагональ - 10.1\"'), 
('16', 'Планшет ASUS ZenPad C 7.0 Z170CG 16Gb 3G Black', '2', 'ASUS', '8990', '14', 'Частота процессора - 1.2 ГГц, встроенная память - 16 Гб, диагональ - 7\"'), 
('17', 'Планшет Samsung Galaxy Tab A 8\" SM-T355 16 Gb LTE White', '2', 'Samsung', '14990', '10', 'Частота процессора - 1.2 ГГц, встроенная память - 16 Гб, диагональ - 8\"'), 
('18', 'Планшет Lenovo Miix 3-830 80JB0008RS', '2', 'Lenovo', '9990', '17', 'Частота процессора - 1.33 ГГц, встроенная память - 32 Гб, диагональ - 7.85\"'), 
('19', 'Планшет ASUS Transformer Pad TF103CG 8Gb 3G Black (1A056A)', '2', 'Asus', '12990', '6', 'Частота процессора - 1.6 ГГц, встроенная память - 8 Гб, диагональ - 10.1\"'), 
('20', 'Планшет Digma Plane 10.51 10\" 16Gb 3G Blue', '2', 'Digma', '9990', '4', 'Частота процессора - 1.2 ГГц, встроенная память - 16 Гб, диагональ - 10.1\"'), 
('21', 'Электронная книга PocketBook 624 White', '3', 'Pocket Book', '7990', '8', 'Диагональ - 6\", технология дисплея - E-INK Pearl, встроенная память - 4 Гб'), 
('22', 'Электронная книга Gmini MagicBook A6LHD', '3', 'Gmini', '7990', '15', 'Диагональ - 6\", технология дисплея - E-INK Carta, встроенная память - 8 Гб'), 
('23', 'Электронная книга Onyx Dontsova Book Black', '3', 'Onyx', '10990', '7', 'Диагональ - 6\", технология дисплея - E-INK Carta, встроенная память - 8 Гб'), 
('24', 'Электронная книга Gmini MagicBook Z6 Graphite', '3', 'Gmini', '4990', '6', 'Диагональ - 6\", технология дисплея - E-INK Pearl, встроенная память - 4 Гб'), 
('25', 'Электронная книга Digma R658', '3', 'Digma', '5490', '11', 'Диагональ - 6\", технология дисплея - E-INK Pearl, встроенная память - 4 Гб'), 
('26', 'Электронная книга Bookeen Cybook Odyssey FrontLight 2 (CYBOY5F-BK)', '3', 'Bookeen', '7490', '7', 'Диагональ - 6\", технология дисплея - E-INK Pearl HD, встроенная память - 4 Гб'), 
('27', 'Электронная книга PocketBook 650 Dark Brown', '3', 'Pocket Book', '10990', '8', 'Диагональ - 6\", технология дисплея - E-INK Carta, встроенная память - 4 Гб'), 
('28', 'Моноблок Acer Aspire Z1-601 (DQ.SY7ER.003)', '4', 'Acer', '23990', '6', '4 Гб оперативной памяти, графический контроллер - Intel HD Graphics, Диагональ - 18.5\"'), 
('29', 'Моноблок ASUS ET2031IUK-B014V', '4', 'ASUS', '28790', '10', '4 Гб оперативной памяти, графический контроллер - Intel HD Graphics, Диагональ - 19.5\"'), 
('30', 'Моноблок MSI AG220 2PE-014RU', '4', 'MSi', '55990', '11', '8 Гб оперативной памяти, графический контроллер - GeForce GTX860 8Гб, Диагональ - 21.5\"'), 
('31', 'Моноблок HP Pavilion 23-p050nr ', '4', 'HP', '66990', '6', '4 Гб оперативной памяти, графический контроллер - Intel HD Graphics 4400, Диагональ - 23\"'), 
('32', 'Моноблок Dell Inspiron One 2350 (2350-4354)', '4', 'Dell', '71990', '8', '8 Гб оперативной памяти, графический контроллер - Rodeon HD 8690A, Диагональ - 32\"'), 
('33', 'Моноблок Lenovo C260 /57328291/', '4', 'Lenovo', '25990', '10', '2 Гб оперативной памяти, графический контроллер - Intel HD Graphics, Диагональ - 19.5\"'), 
('34', 'Моноблок ASUS ET2230INK-B003R', '4', 'ASUS', '38990', '8', '4 Гб оперативной памяти, графический контроллер - GeForce 820M 8Гб, Диагональ - 21.5\"'), 
('35', 'Лазерный принтер Brother HL-1110R', '5', 'Brother', '3490', '10', 'Скорость печати до 20 стр/мин'), 
('36', 'Лазерный принтер (цветной) HP LaserJet Pro CP1025', '5', 'HP', '7590', '6', 'Скорость печати до 16 стр/мин'), 
('37', 'Лазерный принтер HP LaserJet Pro 400 M401a', '5', 'HP', '11990', '5', 'Скорость печати до 33 стр/мин'), 
('38', 'Струйный принтер Canon PIXMA IP8740', '5', 'Canon', '19990', '4', 'Скорость печати до 14.5 стр/мин'), 
('39', 'Струйный принтер Epson L800', '5', 'Epson', '16990', '9', 'Скорость печати до 37 стр/мин'), 
('40', 'Лазерный принтер Xerox Phaser 3010', '5', 'Xerox', '3590', '7', 'Скорость печати до 20 стр/мин'), 
('41', 'Лазерный принтер Samsung Xpress M2020W', '5', 'Samsung', '5290', '8', 'Скорость печати до 20 стр/мин'), 
('42', 'Игровая мышь A4Tech F3 X7 V-Track', '6', 'A4Tech', '1590', '25', 'Тип мыши - оптическая (V-Track), оптическое разрешение - 400, 800, 1200, 1600, 3000 т/д'), 
('43', 'Игровая мышь Logitech G502 Proteus Core (910-004075)', '6', 'Logitech', '4690', '19', 'Тип мыши - сенсорная/оптическая, оптическое разрешение - 200 - 12000 т/д'), 
('44', 'Игровая мышь Logitech G302 (910-004207)', '6', 'Logitech', '3090', '16', 'Тип мыши - оптическая, оптическое разрешение - 240 - 4000 т/д'), 
('45', 'Игровая мышь A4Tech R8', '6', 'A4Tech', '2490', '21', 'Тип мыши - лазерная (V-Track), оптическое разрешение - 3200 т/д'), 
('46', 'Игровая мышь Razer DeathAdder 2015 Chroma (RZ01-01210100-R3G1)', '6', 'Razer', '5590', '18', 'Тип мыши - оптическая(4G), оптическое разрешение - 10000 т/д'), 
('47', 'Игровая мышь Mad Catz R.A.T.5 Gloss Red', '6', 'Mad Catz', '4690', '10', 'Тип мыши - лазерная, оптическое разрешение - 100 - 5600 т/д'), 
('48', 'Мышь беспроводная Logitech M280 Black (910-004291)', '6', 'Logitech', '1190', '26', 'Тип мыши - оптическая, оптическое разрешение - 1000 т/д'), 
('49', 'Клавиатура проводная Genius SlimStar i222', '7', 'Genius', '1090', '14', 'Проводная клавиатура - да клавиш MultiMedia - 3'), 
('50', 'Игровая клавиатура Razer Anansi(RAZER RZ03-00550400-R3R1)', '7', 'Razer', '6990', '10', 'Проводная клавиатура - да, клавиш MultiMedia - 7'), 
('51', 'Клавиатура проводная Logitech K120', '7', 'Logitech', '990', '27', 'Проводная клавиатура - да'), 
('52', 'Игровая клавиатура Logitech G510S (920-004975)', '7', 'Logitech', '7790', '9', 'Проводная клавиатура - да'), 
('53', 'Игровая клавиатура A4Tech G800V', '7', 'A4Tech', '1590', '13', 'Проводная клавиатура - да, клавиш MultiMedia - 7'), 
('54', 'Игровая клавиатура A4Tech Bloody B120', '7', 'A4Tech', '2790', '9', 'Проводная клавиатура - да, клавиш MultiMedia - 4'), 
('55', 'Игровая клавиатура Logitech Gaming Keyboard G19S', '7', 'Logitech', '10290', '4', 'Проводная клавиатура - да, клавиш MultiMedia - 7'), 
('56', 'Wi-Fi роутер ASUS RT-N18U', '8', 'ASUS', '6690', '8', 'Рабочая частота - 2,4 ГГц, Скорость передачи данных (Wi-Fi) - до 600 МБит/сек'), 
('57', 'Wi-Fi роутер ASUS RT-N14U', '8', 'ASUS', '2690', '14', 'Рабочая частота - 2,4 ГГц, Скорость передачи данных (Wi-Fi) - до 300 МБит/сек'), 
('58', 'Wi-Fi роутер TP-LINK TL-WR1045ND(RU)8', '8', 'TP-LINK', '3690', '9', 'Рабочая частота - 2,4 ГГц, Скорость передачи данных (Wi-Fi) - до 450 МБит/сек'), 
('59', 'Wi-Fi роутер ASUS RT-AC66U', '8', 'ASUS', '9990', '5', 'Рабочая частота - 2,4 / 5 ГГц, Скорость передачи данных (Wi-Fi) - до 1.3 ГБит/сек'), 
('60', 'Wi-Fi роутер Zyxel Keenetic Lite III', '8', 'Zyxel', '1790', '7', 'Рабочая частота - 2,4 ГГц, Скорость передачи данных (Wi-Fi) - до 300 МБит/сек'), 
('61', 'Wi-Fi роутер TP-LINK Archer C7', '8', 'TP-LINK', '6990', '8', 'Рабочая частота - 2,4 / 5 ГГц, Скорость передачи данных (Wi-Fi) - до 1.3 ГБит/сек'), 
('62', 'Wi-Fi роутер TP-LINK TL-WR841HP', '8', 'TP-LINK', '2490', '10', 'Рабочая частота - 2,4 ГГц, Скорость передачи данных (Wi-Fi) - до 300 МБит/сек'), 
('63', 'Wi-Fi роутер Zyxel Keenetic DSL', '8', 'Zyxel', '3690', '8', 'Рабочая частота - 2,4 ГГц, Скорость передачи данных (Wi-Fi) - до 300 МБит/сек'), 
('64', 'Колонки компьютерные TopDevice TDS-501', '9', 'TopDevice', '1990', '7', 'Мощность фронтальных АС - 2 х 20 Вт, частотный диапозон - 40 Гц - 20 кГц'), 
('65', 'Колонки компьютерные Genius SP-U150', '9', 'Genius', '690', '14', 'Мощность фронтальных АС - 2 х 2 Вт, частотный диапозон - 180 Гц - 20 кГц'), 
('66', 'Колонки компьютерные 2.1 Sven MS-1085 G', '9', 'Sven', '4390', '9', 'Мощность фронтальных АС - 2 х 13 Вт, частотный диапозон - 150 Гц - 20 кГц'), 
('67', 'Колонки компьютерные Sven 312', '9', 'Sven', '590', '21', 'Мощность фронтальных АС - 2 х 2 Вт, частотный диапозон - 100 Гц - 20 кГц'), 
('68', 'Колонки компьютерные Logitech Z240 (980-000756)', '9', 'Logitech', '1990', '10', 'Мощность фронтальных АС - 10 Вт'), 
('69', 'Колонки компьютерные Sven Stream Light Cherry', '9', 'Sven', '4890', '6', 'Мощность фронтальных АС - 2 х 30 Вт, частотный диапозон - 45 Гц - 27 кГц'), 
('70', 'Колонки компьютерные Genius SP-S110 Black', '9', 'Genius', '690', '17', 'Мощность фронтальных АС - 2 х 1 Вт, частотный диапозон - 160 Гц - 20 кГц'), 
('71', 'Колонки компьютерные Sven SPS-605', '9', 'Sven', '990', '13', 'Мощность фронтальных АС - 2 х 3 Вт, частотный диапозон - 100 Гц - 18 кГц'), 
('72', 'Флэш диск Sony USM32GU/BC', '10', 'Sony', '1390', '25', 'Макс. скорость чтения - 30 МБ/сек, встроенная память - 32 Гб'), 
('73', 'Флэш диск PNY MICRO M2 ATTACHE 16GB', '10', 'PNY', '790', '18', 'Макс. скорость чтения - 25 МБ/сек, встроенная память - 16 Гб'), 
('74', 'Флэш диск Kingston DTSE8/32GB', '10', 'Kingston', '1290', '15', 'Макс. скорость чтения - 30 МБ/сек, встроенная память - 32 Гб'), 
('75', 'Флэш диск Sony USM32W/B', '10', 'Sony', '1290', '21', 'Макс. скорость чтения - 20 МБ/сек, встроенная память - 32 Гб'), 
('76', 'Флэш диск PNY WAVE ATTACHE 2.0 128GB', '10', 'PNY', '3990', '23', 'Макс. скорость чтения - 25 МБ/сек, встроенная память - 128 Гб'), 
('77', 'Флэш диск Silicon Power SP016GBUF2U06V1B', '10', 'Silicon Power', '490', '17', 'Макс. скорость чтения - 26 МБ/сек, встроенная память - 16 Гб'), 
('78', 'Флэш диск OTG Sony USM32SA1/B', '10', 'Sony', '1890', '16', 'Макс. скорость чтения - 22 МБ/сек, встроенная память - 32 Гб');
COMMIT;

SET FOREIGN_KEY_CHECKS = 1;

-- ----------------------------
--  Table structure for `users`
-- ----------------------------
DROP TABLE IF EXISTS `users`;
CREATE TABLE `users` (
  `id` int(11) NOT NULL AUTO_INCREMENT,
  `name` varchar(255) CHARACTER SET utf8 NOT NULL,
  `lastname` varchar(255) CHARACTER SET utf8 NOT NULL,
  `birthday` date DEFAULT NULL,
  `email` varchar(255) NOT NULL,
  `password` varchar(255) CHARACTER SET utf8 NOT NULL,
  `is_active` enum('Activ','Inactiv') NOT NULL,
  `reg_date` datetime NOT NULL,
  `last_update` datetime NOT NULL,
  PRIMARY KEY (`id`)
) ENGINE=InnoDB AUTO_INCREMENT=31 DEFAULT CHARSET=latin1;

-- ----------------------------
--  Records of `users`
-- ----------------------------
BEGIN;
INSERT INTO `users` VALUES 
('1', 'Вячеслав', 'Егоров', '1983-08-23', 'witr@gmail.com', '123456', 'Activ', '2015-08-23 17:03:16', '2015-08-23 17:03:22'), 
('2', 'Юрий', 'Маркин', '1981-04-15', 'tafsej@mail.ru', '123456', 'Activ', '2015-08-23 17:04:26', '2015-08-23 17:04:31'), 
('3', 'Сергей', 'Торков', '1990-01-26', 'jhDKH@gmail.com', '123456', 'Activ', '2015-08-23 17:05:24', '2015-08-23 17:05:26'), 
('4', 'Юлия', 'Башина', '1992-09-14', 'fotrd@gmail.com', '123456', 'Activ', '2015-08-23 17:06:06', '2015-08-23 17:06:08'), 
('5', 'Марина', 'Тушина', '1989-12-24', 'mart@gmail.com', '123456', 'Activ', '2015-08-23 17:07:00', '2015-08-23 17:07:03'), 
('6', 'Максим', 'Переулов', '1973-08-17', 'borto@gmail.com', '123456', 'Activ', '2015-08-23 17:07:58', '2015-08-23 17:08:02'), 
('7', 'Егор', 'Горцев', '1969-07-01', 'egor@gmail.com', '123456', 'Activ', '2015-08-23 17:08:59', '2015-08-23 17:09:03'), 
('8', 'Виктор', 'Мышкин', '1989-04-06', 'viktor@gmail.com', '123456', 'Activ', '2015-08-23 17:10:00', '2015-08-23 17:10:05'), 
('9', 'Елисей', 'Челс', '1990-07-16', 'chels@gmail.com', '123456', 'Activ', '2015-08-23 17:10:52', '2015-08-23 17:10:55'), 
('10', 'Мартин', 'Шрем', '1986-02-27', 'martin@gmail.com', '123456', 'Activ', '2015-08-23 17:11:46', '2015-08-23 17:11:49'), 
('11', 'Петр', 'Байдин', '1974-11-11', 'petr@gmail.com', '123456', 'Activ', '2015-08-23 17:12:48', '2015-08-23 17:12:51'), 
('12', 'Фрол', 'Чихов', '1982-06-16', 'frol@gmail.com', '123456', 'Activ', '2015-08-23 17:13:44', '2015-08-23 17:13:46'), 
('13', 'Анна', 'Чехова', '1994-07-20', 'anna@gmail.com', '123456', 'Activ', '2015-08-23 17:15:06', '2015-08-23 17:15:09'), 
('14', 'Мария', 'Речина', '1992-03-17', 'rechina@gmail.com', '123456', 'Activ', '2015-08-23 17:17:49', '2015-08-23 17:17:52'), 
('15', 'Вера', 'Брежнева', '1987-01-23', 'vera@gmail.com', '123456', 'Activ', '2015-08-23 17:18:49', '2015-08-23 17:18:51'), 
('16', 'Сергей', 'Шмелев', '1990-06-08', 'serg@gmail.com', '123456', 'Activ', '2015-08-23 17:19:42', '2015-08-23 17:19:49'), 
('17', 'Виталий', 'Еремин', '1974-08-15', 'eremin@gmail.com', '123456', 'Activ', '2015-08-23 17:20:45', '2015-08-23 17:20:47'), 
('18', 'Висктория', 'Ступина', '1989-09-06', 'stypina@gmail.com', '123456', 'Activ', '2015-08-23 17:21:34', '2015-08-23 17:21:37'), 
('19', 'Соня', 'Штек', '1991-07-07', 'shtek@gmail.com', '123456', 'Activ', '2015-08-23 17:22:30', '2015-08-23 17:22:32'), 
('20', 'Борис', 'Мальников', '1987-04-04', 'boris@gmail.com', '123456', 'Activ', '2015-08-23 17:23:09', '2015-08-23 17:23:11'), 
('21', 'Яков', 'Земин', '1979-07-04', 'zemin@gmail.com', '123456', 'Activ', '2015-08-23 17:23:58', '2015-08-23 17:24:00'), 
('22', 'Андрей', 'Кушкин', '1989-01-07', 'kyshin@gmail.com', '123456', 'Activ', '2015-08-23 17:24:45', '2015-08-23 17:24:48'), 
('23', 'Виктор', 'Строганов', '1978-08-26', 'strog@gmail.com', '123456', 'Activ', '2015-08-23 17:25:28', '2015-08-23 17:25:31'), 
('24', 'Алина', 'Пичугина', '1991-11-28', 'alina@gmail.com', '123456', 'Activ', '2015-08-23 17:26:14', '2015-08-23 17:26:16'), 
('25', 'Кирилл', 'Ясов', '1987-12-27', 'kirill@gmail.com', '123456', 'Activ', '2015-08-23 17:27:24', '2015-08-23 17:27:27'), 
('26', 'Евгений', 'Терехов', '1987-09-05', 'evgen@gmail.com', '123456', 'Activ', '2015-08-23 17:28:25', '2015-08-23 17:28:27'), 
('27', 'Юлия', 'Жданова', '1986-07-03', 'gdano@gmail.com', '123456', 'Activ', '2015-08-23 17:29:20', '2015-08-23 17:29:22'), 
('28', 'Рита', 'Сергеева', '1990-06-06', 'rita@gmail.com', '123456', 'Activ', '2015-08-23 17:30:02', '2015-08-23 17:30:06'), 
('29', 'Катерина', 'Жель', '1987-11-09', 'kater@gmail.com', '123456', 'Activ', '2015-08-23 17:30:52', '2015-08-23 17:30:53'), 
('30', 'Эдуард', 'Горцев', '1992-07-08', 'gorzev@gmail.ru', '123456', 'Activ', '2015-08-23 17:31:44', '2015-08-23 17:31:47');
COMMIT;

SET FOREIGN_KEY_CHECKS = 1;
-- ----------------------------
--  Table structure for `orders`
-- ----------------------------
DROP TABLE IF EXISTS `orders`;
CREATE TABLE `orders` (
  `id` int(11) NOT NULL AUTO_INCREMENT,
  `id_user` int(11) NOT NULL,
  `status` enum('in process','sent') DEFAULT NULL,
  `date_order` datetime NOT NULL,
  PRIMARY KEY (`id`)
) ENGINE=InnoDB AUTO_INCREMENT=12 DEFAULT CHARSET=latin1;

-- ----------------------------
--  Records of `orders`
-- ----------------------------
BEGIN;
INSERT INTO `orders` VALUES ('1', '1', 'in process', '2015-08-23 18:01:19'), 
('2', '2', 'in process', '2015-08-23 18:01:46'), 
('3', '3', 'in process', '2015-08-23 18:01:58'), 
('4', '4', 'in process', '2015-08-23 18:02:15'), 
('5', '10', 'in process', '2015-08-23 18:02:23'), 
('6', '27', 'in process', '2015-08-23 18:02:37'), 
('7', '14', 'in process', '2015-08-23 18:02:51'), 
('8', '7', 'in process', '2015-08-23 18:03:02'), 
('9', '11', 'in process', '2015-08-23 18:03:22'), 
('10', '10', 'in process', '2015-08-23 18:03:33'), 
('11', '17', 'in process', '2015-08-23 18:04:55');
COMMIT;

SET FOREIGN_KEY_CHECKS = 1;


-- ----------------------------
--  Table structure for `structure of order`
-- ----------------------------
DROP TABLE IF EXISTS `structure of order`;
CREATE TABLE `structure of order` (
  `id` int(11) NOT NULL,
  `id_product` int(11) NOT NULL,
  `count` int(11) NOT NULL DEFAULT '1'
) ENGINE=InnoDB DEFAULT CHARSET=latin1;

-- ----------------------------
--  Records of `structure of order`
-- ----------------------------
BEGIN;
INSERT INTO `structure of order` VALUES 
('1', '5', '1'), 
('1', '31', '1'), 
('2', '21', '1'), 
('2', '45', '1'), 
('3', '67', '1'), 
('4', '56', '1'), 
('4', '3', '1'), 
('5', '19', '1'), 
('6', '7', '1'), 
('7', '61', '1'), 
('7', '42', '1'), 
('7', '16', '1'), 
('8', '28', '1'), 
('9', '51', '1'), 
('9', '34', '1'), 
('10', '18', '1'), 
('11', '29', '1');
COMMIT;

SET FOREIGN_KEY_CHECKS = 1;


